Gene,Non-unique Gene name,Annotation,Number_pos_present_in,Number_neg_present_in,Number_pos_not_present_in,Number_neg_not_present_in,Sensitivity,Specificity,Odds_ratio,Naive_p,Bonferroni_p,Benjamini_H_p,Max_Pairwise_comparisons,Max_supporting_pairs,Max_opposing_pairs,Best_pairwise_comp_p,Worst_pairwise_comp_p,QC_Correlation,QC_report,blast,panaroo_present
group_13738,NA,Maltose transport system permease;hypothetical protein;sugar ABC transporter permease;Maltose transport system permease component;maltose transporter permease,166,229,402,344,29.22535211,60.03490401,0.620304591,1.46E-04,1,0.006077703,68,51,49,4.45E-05,3.58E-04,0.969114646,GOOD,431,414
group_8956,NA,Putative zinc ribbon domain-containing protein,398,336,170,237,70.07042254,41.36125654,1.651365546,5.86E-05,1,0.002762756,85,57,61,7.40E-05,0.002194909,0.990779387,GOOD,758,755
group_11996,;mcrA,hypothetical protein;5-methylcytosine-specific restriction endonuclease McrA,162,227,406,346,28.52112676,60.38394415,0.608189926,8.25E-05,1,0.003735629,87,61,58,2.24E-04,0.00247942,0.994381522,GOOD,408,405
glpP,glpP;,Glycerol-3-phosphate responsive antiterminator (mRNA-binding);Glycerol uptake operon antiterminator regulatory protein,399,335,169,238,70.24647887,41.53577661,1.67732933,3.43E-05,0.959022159,0.00175004,86,57,60,3.17E-04,0.003353275,0.992621951,GOOD,757,755
parF,parF;,Plasmid partition protein ParF (Serine recombinase);Resolvase,15,1,553,572,2.64084507,99.82547993,15.51537071,2.39E-04,1,0.009491952,13,13,1,2.44E-04,0.003417969,0.872972097,INSPECT,13,17
fbaB,fbaB,Fructose-bisphosphate aldolase class Ia DhnA family,398,335,170,238,70.07042254,41.53577661,1.663283582,4.54E-05,1,0.002254856,85,56,60,1.87E-04,0.00451164,0.990789019,GOOD,757,754
group_11988,;xylB,hypothetical protein;FGGY-family carbohydrate kinase;Putative L-xylulose kinase;Sugar (pentulose or hexulose) kinase,399,336,169,237,70.24647887,41.36125654,1.665310651,4.45E-05,1,0.002221678,87,57,61,2.24E-04,0.005013599,0.988917888,GOOD,758,756
group_5655,fabG,NAD(P)-dependent dehydrogenase short-chain alcohol dehydrogenase family,399,336,169,237,70.24647887,41.36125654,1.665310651,4.45E-05,1,0.002221678,87,57,61,2.24E-04,0.005013599,0.990769677,GOOD,759,756
group_14933,NA,Iron-sulfur cluster carrier protein,14,1,554,572,2.464788732,99.82547993,14.45487365,4.59E-04,1,0.017032932,12,12,1,4.88E-04,0.006347656,1,GOOD,16,16
group_14919,copG,CopG family transcriptional regulator,14,1,554,572,2.464788732,99.82547993,14.45487365,4.59E-04,1,0.017032932,12,12,1,4.88E-04,0.006347656,0.967829476,GOOD,15,16
group_12879,sgcC;,Phosphotransferase system galactitol-specific IIC component;PTS transporter subunit IIC;PTS system galactitol-specific IIC component;PTS system protein,400,337,168,236,70.42253521,41.18673647,1.667373181,4.36E-05,1,0.002189589,86,56,61,1.30E-04,0.006673923,0.99074625,GOOD,759,758
serA,serA;,Phosphoglycerate dehydrogenase or related dehydrogenase;D-isomer specific 2-hydroxyacid dehydrogenase catalytic domain-containing protein;D-3-phosphoglycerate dehydrogenase,399,337,169,236,70.24647887,41.18673647,1.6533633,5.74E-05,1,0.002718676,86,56,61,1.30E-04,0.006673923,0.988906164,GOOD,759,757
group_14928,;parB,hypothetical protein;thermonuclease family protein;Putative nuclease ParB,12,1,556,572,2.112676056,99.82547993,12.34532374,0.001668822,1,0.049744062,11,11,1,9.77E-04,0.01171875,0.925025745,INSPECT,12,14
gstA,gstA;,Glutathione S-transferase;glutathione binding-like protein;glutathione S-transferase family protein;Glutathione S-transferase family protein,467,426,101,147,82.21830986,25.65445026,1.595523637,0.001554929,1,0.046899758,79,51,53,0.003183011,0.012812402,0.990030675,GOOD,923,921
group_11970,;cadC1,response regulator;hypothetical protein;DNA-binding winged helix-turn-helix (wHTH) domain;Response regulator;Transmembrane regulator,68,108,500,465,11.97183099,81.15183246,0.585555556,0.001371945,1,0.042596748,55,37,41,3.55E-04,0.014453834,0.996777635,GOOD,184,183
lomR,lomR,Opacity protein LomR and related surface antigens,68,108,500,465,11.97183099,81.15183246,0.585555556,0.001371945,1,0.042596748,55,37,41,3.55E-04,0.014453834,0.996777635,GOOD,184,183
group_9925,NA,Inner membrane protein;hypothetical protein;Membrane protein,68,108,500,465,11.97183099,81.15183246,0.585555556,0.001371945,1,0.042596748,55,37,41,3.55E-04,0.014453834,0.996777635,GOOD,184,183
group_6939,NA,GIY-YIG nuclease family protein;hypothetical protein,256,203,312,370,45.07042254,64.57242583,1.495515978,9.08E-04,1,0.031055055,78,53,50,0.00203114,0.01685309,0.994700802,GOOD,472,473
fucI,;fucI,hypothetical protein;L-fucose isomerase or related protein,302,237,266,336,53.16901408,58.63874346,1.609593604,7.05E-05,1,0.003227891,73,47,49,0.004626294,0.018617751,0.994893458,GOOD,558,557
group_6835,araH,Ribose/xylose/arabinose/galactoside ABC-type transport system permease component,302,237,266,336,53.16901408,58.63874346,1.609593604,7.05E-05,1,0.003227891,73,47,49,0.004626294,0.018617751,0.994893458,GOOD,558,557
rbsA~~~ccmA,rbsA;;ccmA,Ribose import ATP-binding protein RbsA;ATP-binding cassette domain-containing protein;heme ABC exporter ATP-binding protein CcmA,302,237,266,336,53.16901408,58.63874346,1.609593604,7.05E-05,1,0.003227891,73,47,49,0.004626294,0.018617751,0.994893458,GOOD,558,557
group_4927,tktA2,Transketolase C-terminal subunit,302,237,266,336,53.16901408,58.63874346,1.609593604,7.05E-05,1,0.003227891,73,47,49,0.004626294,0.018617751,0.994893458,GOOD,558,557
rpnC,rpnC;,Recombination-promoting DNA endonuclease RpnC/YadD;Transposase (putative) YhgA-like domain-containing protein;Putative transposase YhgA-like protein;Transposase,302,237,266,336,53.16901408,58.63874346,1.609593604,7.05E-05,1,0.003227891,73,47,49,0.004626294,0.018617751,0.994893458,GOOD,558,557
group_2442,tktA1,Transketolase N-terminal subunit,302,237,266,336,53.16901408,58.63874346,1.609593604,7.05E-05,1,0.003227891,73,47,49,0.004626294,0.018617751,0.994893458,GOOD,558,557
deoR,deoR,DNA-binding transcriptional regulator LsrR DeoR family,302,237,266,336,53.16901408,58.63874346,1.609593604,7.05E-05,1,0.003227891,73,47,49,0.004626294,0.018617751,0.994893458,GOOD,558,557
group_9494,hcp;tssD,Type VI protein secretion system component Hcp (secreted cytotoxin);type VI secretion system tube protein TssD,419,348,149,225,73.76760563,39.26701571,1.81815552,2.95E-06,0.08233777,1.88E-04,91,57,65,5.31E-05,0.020584209,0.99420254,GOOD,794,795
group_14986,NA,ATP-dependent metalloprotease,12,1,556,572,2.112676056,99.82547993,12.34532374,0.001668822,1,0.049744062,10,10,1,0.001953125,0.021484375,1,GOOD,14,14
group_14903,topB,DNA topoisomerase,12,1,556,572,2.112676056,99.82547993,12.34532374,0.001668822,1,0.049744062,10,10,1,0.001953125,0.021484375,0.934610381,INSPECT,16,14
group_8370,NA,putative periplasmic lipoprotein;DUF2291 domain-containing protein,302,238,266,335,53.16901408,58.46422339,1.598060277,9.05E-05,1,0.004032143,72,46,50,0.001293585,0.024460907,0.996594982,GOOD,558,558
group_3812,rbsB,ABC-type sugar transport system periplasmic component contains N-terminal xre family HTH domain,302,238,266,335,53.16901408,58.46422339,1.598060277,9.05E-05,1,0.004032143,72,46,50,0.001293585,0.024460907,0.996594982,GOOD,558,558
group_9721,NA,hypothetical protein,320,256,248,317,56.33802817,55.32286213,1.597782258,9.21E-05,1,0.004082592,119,72,77,0.001710529,0.027379103,0.99321127,GOOD,603,601
group_5093,NA,DUF2857 domain-containing protein,320,256,248,317,56.33802817,55.32286213,1.597782258,9.21E-05,1,0.004082592,119,72,77,0.001710529,0.027379103,0.930906686,INSPECT,561,601
sul1,sul1;,sulfonamide-resistant dihydropteroate synthase Sul1;dihydropteroate synthase,270,168,298,405,47.53521127,70.68062827,2.184204219,3.14E-10,8.76E-06,4.74E-08,114,69,69,0.030776324,0.030776324,0.985705757,GOOD,458,456
ampG,ampG,AmpG permease,4,20,564,553,0.704225352,96.5095986,0.196099291,0.001386339,1,0.042596748,18,4,15,0.007537842,0.030883789,1,GOOD,27,27
group_6324,NA,hypothetical protein,4,20,564,553,0.704225352,96.5095986,0.196099291,0.001386339,1,0.042596748,18,4,15,0.007537842,0.030883789,1,GOOD,27,27
group_5461,NA,PepSY domain-containing protein,4,20,564,553,0.704225352,96.5095986,0.196099291,0.001386339,1,0.042596748,18,4,15,0.007537842,0.030883789,1,GOOD,27,27
group_3965,ybtQ,Inner membrane ABC-transporter YbtQ,4,20,564,553,0.704225352,96.5095986,0.196099291,0.001386339,1,0.042596748,18,4,15,0.007537842,0.030883789,1,GOOD,27,27
group_3797,NA,ABC transporter ATP-binding protein,4,20,564,553,0.704225352,96.5095986,0.196099291,0.001386339,1,0.042596748,18,4,15,0.007537842,0.030883789,1,GOOD,27,27
group_2687,NA,Iron aquisition regulator (YbtAAraC-likerequired for transcription of FyuA/psnIrp2),4,20,564,553,0.704225352,96.5095986,0.196099291,0.001386339,1,0.042596748,18,4,15,0.007537842,0.030883789,1,GOOD,27,27
group_2450,NA,OMR family iron-siderophore receptor,4,20,564,553,0.704225352,96.5095986,0.196099291,0.001386339,1,0.042596748,18,4,15,0.007537842,0.030883789,1,GOOD,27,27
group_1237,NA,Inner membrane protein,4,20,564,553,0.704225352,96.5095986,0.196099291,0.001386339,1,0.042596748,18,4,15,0.007537842,0.030883789,0.921358625,INSPECT,23,27
ppsE~~~irp1,;ppsE;irp1,Iron aquisition yersiniabactin synthesis enzyme (Irp1polyketide synthetase);yersiniabactin polyketide synthase HMWP1;Non-ribosomal peptide synthase (Yersiniabactin siderophore biosynthetic protein);Irp1;Phthiocerol/phenolphthiocerol synthesis polyketide synthase type I PpsE;Carrier domain-containing protein;yersiniabactin biosynthetic protein Irp1,325,262,243,311,57.21830986,54.27574171,1.587582069,1.17E-04,1,0.004969669,125,75,80,0.002226488,0.031409334,0.988099519,GOOD,611,612
irp2~~~tam~~~mbtB,;irp2;tam;mbtB,Amino acid adenylation domain-containing protein;non-ribosomal peptide synthetase;Irp2;Peptide synthetase;Carrier domain-containing protein;AMP-binding enzyme;hypothetical protein;Peptide synthetase-like protein;yersiniabactin non-ribosomal peptide synthetase HMWP2;Trans-aconitate methyltransferase;Phenyloxazoline synthase MbtB,325,262,243,311,57.21830986,54.27574171,1.587582069,1.17E-04,1,0.004969669,125,75,80,0.002226488,0.031409334,0.988099519,GOOD,611,612
ybtA,ybtA,yersiniabactin transcriptional regulator YbtA,325,262,243,311,57.21830986,54.27574171,1.587582069,1.17E-04,1,0.004969669,125,75,80,0.002226488,0.031409334,0.993203299,GOOD,614,612
ybtU,;ybtU,Oxidoreductase;yersiniabactin biosynthetic protein YbtU,325,262,243,311,57.21830986,54.27574171,1.587582069,1.17E-04,1,0.004969669,125,75,80,0.002226488,0.031409334,0.988099519,GOOD,611,612
ybtT,;ybtT,Thioesterase;Surfactin synthase thioesterase subunit;yersiniabactin biosynthesis thioesterase YbtT,325,262,243,311,57.21830986,54.27574171,1.587582069,1.17E-04,1,0.004969669,125,75,80,0.002226488,0.031409334,0.988099519,GOOD,611,612
ybtP,ybtP,yersiniabactin ABC transporter ATP-binding/permease protein YbtP,325,262,243,311,57.21830986,54.27574171,1.587582069,1.17E-04,1,0.004969669,125,75,80,0.002226488,0.031409334,0.950322183,GOOD,582,612
fyuA,fyuA,yersiniabactin receptor FyuA,325,262,243,311,57.21830986,54.27574171,1.587582069,1.17E-04,1,0.004969669,125,75,80,0.002226488,0.031409334,0.996599229,GOOD,612,612
ybtX,;ybtX,Signal transducer;putative signal transducer;yersiniabactin-associated zinc MFS transporter YbtX;MFS transporter,325,262,243,311,57.21830986,54.27574171,1.587582069,1.17E-04,1,0.004969669,125,75,80,0.002226488,0.031409334,0.993203299,GOOD,614,612
group_10253,rbsB;,ABC-type sugar transport system periplasmic component contains N-terminal xre family HTH domain;Ribose ABC transport system;hypothetical protein,267,335,301,238,47.00704225,41.53577661,0.630197848,1.15E-04,1,0.004969669,71,50,45,7.67E-04,0.031927162,0.982980658,GOOD,619,621
group_25099,tnp,IS3 family ISKpn1 transposase ORF A,255,320,313,253,44.8943662,44.15357766,0.644119409,2.40E-04,1,0.00949406,120,75,72,0.007846593,0.035323683,0.841283939,INSPECT,701,603
group_10969,NA,Glycosyltransferase family 25 (LPS biosynthesis protein),1,15,567,558,0.176056338,97.38219895,0.065608466,4.79E-04,1,0.017489904,9,1,9,0.00390625,0.0390625,1,GOOD,16,16
group_10678,NA,Putative glycosyl transferase,1,15,567,558,0.176056338,97.38219895,0.065608466,4.79E-04,1,0.017489904,9,1,9,0.00390625,0.0390625,1,GOOD,16,16
group_10204,NA,Glycosyl transferase family 2,1,14,567,559,0.176056338,97.55671902,0.070420761,9.12E-04,1,0.031065074,9,1,9,0.00390625,0.0390625,1,GOOD,15,15
group_9402,NA,Glycosyl transferases group 1,1,14,567,559,0.176056338,97.55671902,0.070420761,9.12E-04,1,0.031065074,9,1,9,0.00390625,0.0390625,1,GOOD,15,15
group_1138,virB2;,Major pilus subunit of type IV secretion complex VirB2;TrbC/VirB2 family protein,314,224,254,349,55.28169014,60.90750436,1.926075647,4.66E-08,0.001301356,3.91E-06,115,69,72,0.008735109,0.039750505,0.996602505,GOOD,560,562
group_5090,NA,hypothetical protein,7,35,561,538,1.232394366,93.89179756,0.191800357,1.07E-05,0.299772533,5.88E-04,20,5,16,0.011817932,0.041389465,0.976663584,GOOD,45,43
iutA,iutA,ferric aerobactin receptor IutA,147,95,421,478,25.88028169,83.42059337,1.756869609,1.23E-04,1,0.005165999,30,22,21,0.016124802,0.042773945,0.989887105,GOOD,252,250
iucC,iucC;,NIS family aerobactin synthetase IucC;Aerobactin siderophore biosynthesis protein,147,95,421,478,25.88028169,83.42059337,1.756869609,1.23E-04,1,0.005165999,30,22,21,0.016124802,0.042773945,0.994949961,GOOD,252,250
iucD,iucD,NADPH-dependent L-lysine N(6)-monooxygenase IucD;lysine 6-monooxygenase IucD,147,95,421,478,25.88028169,83.42059337,1.756869609,1.23E-04,1,0.005165999,30,22,21,0.016124802,0.042773945,0.987327729,GOOD,251,250
group_11226,NA,hypothetical protein;Invasin,316,256,252,317,55.63380282,55.32286213,1.552765377,2.40E-04,1,0.00949406,119,71,78,8.88E-04,0.043268263,0.993212991,GOOD,599,597
araH~~~rbsC,araH;rbsC;,Ribose/xylose/arabinose/galactoside ABC-type transport system permease component;Ribose ABC transporter permease RbsC;Sugar ABC transporter permease,267,334,301,239,47.00704225,41.71029668,0.634740486,1.47E-04,1,0.006077703,72,51,45,5.35E-04,0.04437092,0.981402521,GOOD,611,620
group_5495,;fabG,SDR family oxidoreductase,267,334,301,239,47.00704225,41.71029668,0.634740486,1.47E-04,1,0.006077703,72,51,45,5.35E-04,0.04437092,0.972869481,GOOD,612,620
group_1609,NA,DUF1367 domain-containing protein,217,133,351,440,38.20422535,76.78883072,2.045284151,4.40E-08,0.001227919,3.72E-06,110,66,66,0.044762094,0.044762094,0.996005927,GOOD,361,361
group_10488,NA,hypothetical protein,455,398,113,175,80.1056338,30.54101222,1.770467381,4.14E-05,1,0.002091653,74,52,46,6.43E-04,0.047392976,0.997733702,GOOD,884,885
virB1,virB1,Type IV secretion system protein virB1,313,224,255,349,55.1056338,60.90750436,1.912412465,6.49E-08,0.001813138,5.30E-06,114,68,72,0.006351624,0.048724686,0.994896938,GOOD,562,561
group_14487,;tnp,IS6 family transposase;IS6 family IS6100 transposase;IS6-like element IS6100 family transposase;DDE domain-containing protein,244,184,324,389,42.95774648,67.88830716,1.59212292,1.88E-04,1,0.007617193,138,81,87,0.00275434,0.049848081,0.976495912,GOOD,443,444