Gene,Non-unique Gene name,Annotation,Number_pos_present_in,Number_neg_present_in,Number_pos_not_present_in,Number_neg_not_present_in,Sensitivity,Specificity,Odds_ratio,Naive_p,Bonferroni_p,Benjamini_H_p,Max_Pairwise_comparisons,Max_supporting_pairs,Max_opposing_pairs,Best_pairwise_comp_p,Worst_pairwise_comp_p,QC_Correlation,QC_report,blast,panaroo_present,
group_13738,NA,Maltose transport system permease;hypothetical protein;sugar ABC transporter permease;Maltose transport system permease component;maltose transporter permease,139,256,351,395,28.36734694,60.67588326,0.611033209,1.24E-04,1,0.004415343,69,50,48,2.44E-04,0.001550317,0.969114646,GOOD,431,414,#CALC!
traD~~~virD4~~~traM~~~traG,traD;virD4;traM;traG;,Conjugative transfer system coupling protein TraD;Type IV secretory pathway VirD4 component;TraD/TraG TraM recognition site domain-containing protein;TraM recognition domain-containing protein;Conjugal transfer protein TraG;TraM recognition site of TraD and TraG;TraG-family proteinconjugative coupling factor TraD PFGI-1 class,317,311,173,340,64.69387755,52.22734255,2.00323402,1.47E-08,4.12E-04,1.18E-06,70,48,51,1.66E-04,0.002547565,0.952736612,GOOD,633,655,
iCP,iCP,Chagasin-like inhibitor of cysteine peptidase I42 family,12,43,478,608,2.448979592,93.39477727,0.354967403,0.001154635,1,0.033557698,33,8,26,0.001318727,0.004551384,0.990747451,GOOD,56,57,
group_11164,;adk,AAA family ATPase;Adenylate kinase or related kinase,236,378,254,273,48.16326531,41.93548387,0.67104112,9.70E-04,1,0.028799036,68,47,46,0.002186243,0.004903383,0.90918628,INSPECT,596,641,
group_6835,araH,Ribose/xylose/arabinose/galactoside ABC-type transport system permease component,270,269,220,382,55.10204082,58.67895545,1.74281852,4.00E-06,0.111609995,1.84E-04,66,44,46,0.00185823,0.00921049,0.994893458,GOOD,558,557,
rbsA~~~ccmA,rbsA;;ccmA,Ribose import ATP-binding protein RbsA;ATP-binding cassette domain-containing protein;heme ABC exporter ATP-binding protein CcmA,270,269,220,382,55.10204082,58.67895545,1.74281852,4.00E-06,0.111609995,1.84E-04,66,44,46,0.00185823,0.00921049,0.994893458,GOOD,558,557,
group_4927,tktA2,Transketolase C-terminal subunit,270,269,220,382,55.10204082,58.67895545,1.74281852,4.00E-06,0.111609995,1.84E-04,66,44,46,0.00185823,0.00921049,0.994893458,GOOD,558,557,
group_2442,tktA1,Transketolase N-terminal subunit,270,269,220,382,55.10204082,58.67895545,1.74281852,4.00E-06,0.111609995,1.84E-04,66,44,46,0.00185823,0.00921049,0.994893458,GOOD,558,557,
deoR,deoR,DNA-binding transcriptional regulator LsrR DeoR family,270,269,220,382,55.10204082,58.67895545,1.74281852,4.00E-06,0.111609995,1.84E-04,66,44,46,0.00185823,0.00921049,0.994893458,GOOD,558,557,
group_11608,qor;,NADPH:quinone reductase or related Zn-dependent oxidoreductase;Zinc-type alcohol dehydrogenase-like protein,167,288,323,363,34.08163265,55.76036866,0.651670537,6.19E-04,1,0.019413694,130,80,80,0.010694055,0.010694055,0.996449583,GOOD,466,466,
group_8525,higA,Antitoxin component HigA of the HigAB toxin-antitoxin module contains an N-terminal HTH domain,322,337,168,314,65.71428571,48.23348694,1.785855589,2.31E-06,0.064478714,1.10E-04,84,54,57,0.001404495,0.011634454,0.998257887,GOOD,685,684,
group_8370,NA,putative periplasmic lipoprotein;DUF2291 domain-containing protein,270,270,220,381,55.10204082,58.52534562,1.731818182,5.28E-06,0.147574986,2.39E-04,65,43,47,4.22E-04,0.012502546,0.996594982,GOOD,558,558,
group_3812,rbsB,ABC-type sugar transport system periplasmic component contains N-terminal xre family HTH domain,270,270,220,381,55.10204082,58.52534562,1.731818182,5.28E-06,0.147574986,2.39E-04,65,43,47,4.22E-04,0.012502546,0.996594982,GOOD,558,558,
group_12418,NA,PAAR domain-containing protein;Pyocin large subunit;hypothetical protein,353,391,137,260,72.04081633,39.93855607,1.713368305,2.57E-05,0.717428841,0.001014751,72,50,47,0.001293585,0.012774596,0.98305322,GOOD,776,773,
higB,higB,mRNA-degrading endonuclease (mRNA interferase) HigB toxic component of the HigAB toxin-antitoxin module,317,327,173,324,64.69387755,49.76958525,1.815559209,1.34E-06,0.037392336,6.67E-05,79,51,53,0.003183011,0.012812402,0.99655133,GOOD,667,665,
group_9387,ulaA;,PTS sugar transporter subunit IIC;Integral membrane protein,236,375,254,276,48.16326531,42.39631336,0.68384252,0.001810201,1,0.048567635,67,48,44,5.22E-04,0.013933875,0.974360696,GOOD,637,638,
group_7718,NA,DUF2645 domain-containing protein,353,389,137,262,72.04081633,40.24577573,1.735424915,1.94E-05,0.540814319,7.77E-04,74,52,48,6.43E-04,0.014079981,0.994374976,GOOD,774,771,
group_13146,NA,HNH nuclease domain-containing protein;Putative restriction endonuclease;putative restriction endonuclease;HNH endonuclease;hypothetical protein;Restriction endonuclease,190,317,300,334,38.7755102,51.30568356,0.667297581,9.29E-04,1,0.027911533,90,59,57,0.004165114,0.014866753,0.939323795,INSPECT,497,529,
group_10253,rbsB;,ABC-type sugar transport system periplasmic component contains N-terminal xre family HTH domain;Ribose ABC transport system;hypothetical protein,221,381,269,270,45.10204082,41.47465438,0.582208822,7.07E-06,0.197573005,3.06E-04,64,47,42,2.27E-04,0.01685819,0.982980658,GOOD,619,621,
group_9494,hcp;tssD,Type VI protein secretion system component Hcp (secreted cytotoxin);type VI secretion system tube protein TssD,365,402,125,249,74.48979592,38.24884793,1.808656716,5.86E-06,0.163565266,2.62E-04,87,62,55,9.06E-05,0.017827553,0.99420254,GOOD,794,795,
group_5145,NA,Polyketide cyclase,14,48,476,603,2.857142857,92.62672811,0.369485294,8.50E-04,1,0.025786066,27,7,24,4.92E-05,0.01915729,0.99183241,GOOD,64,65,
ybtP,ybtP,yersiniabactin ABC transporter ATP-binding/permease protein YbtP,290,297,200,354,59.18367347,54.37788018,1.728282828,6.99E-06,0.195132241,3.04E-04,125,76,80,0.002226488,0.019677394,0.950322183,GOOD,582,612,
ppsE~~~irp1,;ppsE;irp1,Iron aquisition yersiniabactin synthesis enzyme (Irp1polyketide synthetase);yersiniabactin polyketide synthase HMWP1;Non-ribosomal peptide synthase (Yersiniabactin siderophore biosynthetic protein);Irp1;Phthiocerol/phenolphthiocerol synthesis polyketide synthase type I PpsE;Carrier domain-containing protein;yersiniabactin biosynthetic protein Irp1,290,297,200,354,59.18367347,54.37788018,1.728282828,6.99E-06,0.195132241,3.04E-04,125,76,80,0.002226488,0.019677394,0.988099519,GOOD,611,612,
irp2~~~tam~~~mbtB,;irp2;tam;mbtB,Amino acid adenylation domain-containing protein;non-ribosomal peptide synthetase;Irp2;Peptide synthetase;Carrier domain-containing protein;AMP-binding enzyme;hypothetical protein;Peptide synthetase-like protein;yersiniabactin non-ribosomal peptide synthetase HMWP2;Trans-aconitate methyltransferase;Phenyloxazoline synthase MbtB,290,297,200,354,59.18367347,54.37788018,1.728282828,6.99E-06,0.195132241,3.04E-04,125,76,80,0.002226488,0.019677394,0.988099519,GOOD,611,612,
ybtU,;ybtU,Oxidoreductase;yersiniabactin biosynthetic protein YbtU,290,297,200,354,59.18367347,54.37788018,1.728282828,6.99E-06,0.195132241,3.04E-04,125,76,80,0.002226488,0.019677394,0.988099519,GOOD,611,612,
ybtT,;ybtT,Thioesterase;Surfactin synthase thioesterase subunit;yersiniabactin biosynthesis thioesterase YbtT,290,297,200,354,59.18367347,54.37788018,1.728282828,6.99E-06,0.195132241,3.04E-04,125,76,80,0.002226488,0.019677394,0.988099519,GOOD,611,612,
ybtA,ybtA,yersiniabactin transcriptional regulator YbtA,290,297,200,354,59.18367347,54.37788018,1.728282828,6.99E-06,0.195132241,3.04E-04,125,76,80,0.002226488,0.019677394,0.993203299,GOOD,614,612,
ybtX,;ybtX,Signal transducer;putative signal transducer;yersiniabactin-associated zinc MFS transporter YbtX;MFS transporter,290,297,200,354,59.18367347,54.37788018,1.728282828,6.99E-06,0.195132241,3.04E-04,125,76,80,0.002226488,0.019677394,0.993203299,GOOD,614,612,
fyuA,fyuA,yersiniabactin receptor FyuA,290,297,200,354,59.18367347,54.37788018,1.728282828,6.99E-06,0.195132241,3.04E-04,125,76,80,0.002226488,0.019677394,0.996599229,GOOD,612,612,
group_5495,;fabG,SDR family oxidoreductase,221,380,269,271,45.10204082,41.62826421,0.585902954,9.29E-06,0.259525921,3.95E-04,65,48,42,1.52E-04,0.024811975,0.972869481,GOOD,612,620,
araH~~~rbsC,araH;rbsC;,Ribose/xylose/arabinose/galactoside ABC-type transport system permease component;Ribose ABC transporter permease RbsC;Sugar ABC transporter permease,221,380,269,271,45.10204082,41.62826421,0.585902954,9.29E-06,0.259525921,3.95E-04,65,48,42,1.52E-04,0.024811975,0.981402521,GOOD,611,620,
group_9545,;citG,2-(5''-triphosphoribosyl)-3'-dephosphocoenzyme-A synthase;hypothetical protein;Triphosphoribosyl-dephospho-CoA synthetase;Membrane protein associated with oxaloacetate decarboxylase;oxaloacetate decarboxylase (Na(+) extruding),316,322,174,329,64.48979592,50.53763441,1.855572214,4.12E-07,0.011514655,2.24E-05,92,57,60,0.004609105,0.028016902,0.934847116,INSPECT,684,662,
group_6409,dsbA;,DsbA family protein;Thiol:disulfide interchange protein,311,314,179,337,63.46938776,51.76651306,1.864694161,3.17E-07,0.008858348,1.78E-05,64,41,46,6.17E-04,0.032765759,0.996574546,GOOD,644,644,
group_5625,NA,Transcriptional regulator;hypothetical protein,355,390,135,261,72.44897959,40.0921659,1.75982906,1.07E-05,0.298690834,4.48E-04,86,53,55,0.012672514,0.039853629,0.994405867,GOOD,766,765,
yvrE,yvrE;,Sugar lactone lactonase YvrE;Gluconolactonase,303,336,187,315,61.83673469,48.38709677,1.519050802,5.97E-04,1,0.018851876,86,59,53,7.32E-04,0.039853629,0.994842332,GOOD,656,655,
blaCTXM~~~blaCTXM15,blaCTX-M;blaCTX-M-15,CTX-M family extended-spectrum class A beta-lactamase;extended-spectrum class A beta-lactamase CTX-M-15,249,230,241,421,50.81632653,64.66973886,1.891196103,1.79E-07,0.005013123,1.09E-05,117,70,77,8.00E-04,0.041500789,0.99651372,GOOD,494,494,
group_7927,NA,DNA-binding protein;hypothetical protein,25,82,465,569,5.102040816,87.40399386,0.373065827,1.33E-05,0.370315922,5.45E-04,60,22,50,1.62E-07,0.051893896,0.989772883,GOOD,106,108,
group_6999,NA,aminotransferase class I/II-fold pyridoxal phosphate-dependent enzyme;Aminotransferase;Aminotransferase class I/classII domain-containing protein;Cystathionine beta-lyase,63,151,427,500,12.85714286,76.80491551,0.488546303,8.20E-06,0.229049498,3.52E-04,78,30,58,1.95E-05,0.053544392,0.988990071,GOOD,223,225,